{
  "tests/cli-show.test.ts": 1776325307.6363077,
  "tests/css-var-transform.test.ts": 1778284745.8794975,
  "tests/smooth-gradient-transformer.test.ts": 1778284745.8809507,
  "tests/format-sketch.test.ts": 1778284745.8797934,
  "tests/format-css.test.ts": 1778284745.8795817,
  "tests/doctor-pairs-schema.test.ts": 1776310864.41459,
  "tests/extends-resolver.test.ts": 1776310864.4149854,
  "tests/smooth-gradient-output.test.ts": 1776395640.0060997,
  "tests/themefile-group-pipeline.test.ts": 1777455305.4297426,
  "tests/format-flat.test.ts": 1778284745.8796954,
  "tests/inherit-color-transformer.test.ts": 1778284745.8804789,
  "tests/resource-validation.test.ts": 1776310864.4162583,
  "tests/inherit-color-sketch-format.test.ts": 1778284745.8802955,
  "tests/theme-command-current-fallback.test.ts": 1778314171.495151,
  "tests/doctor-runner.test.ts": 1776310864.4147174,
  "tests/theme-command-current-behavior.test.ts": 1776395639.926834,
  "tests/inherit-color-css-format.test.ts": 1778284745.879946,
  "tests/smooth-shadow-contract.test.ts": 1778284745.881161,
  "tests/inherit-color-flat-format.test.ts": 1778284745.880066,
  "tests/theme-transformer.test.ts": 1778284745.8815408,
  "tests/themefile-resource-parser.test.ts": 1776310864.4173808,
  "tests/color-space.test.ts": 1776310864.4140902,
  "tests/themefile-group-parser.test.ts": 1777455305.429594,
  "tests/sketch-component-format.test.ts": 1778284745.88082,
  "tests/inherit-color-schema.test.ts": 1776310864.4153607,
  "tests/pair-extractor.test.ts": 1776310864.4158738,
  "tests/resource-resolver.test.ts": 1776310864.4161353,
  "tests/doctor-theme-context.test.ts": 1776310864.414859,
  "tests/cli-doctor.test.ts": 1776322618.7494538,
  "tests/smooth-shadow-transformer.test.ts": 1778284745.8812914,
  "tests/doctor-contrast-score.test.ts": 1776310864.4144726,
  "tests/resource-merge.test.ts": 1776310864.4159982,
  "tests/benchmark/nested-reference-resolution-simple.ts": 1776310864.4134195,
  "tests/benchmark/nested-reference-resolution.ts": 1776310864.413569,
  "tests/integration/theme-service.test.ts": 1776398797.2550254,
  "tests/utils/fixture-loader.ts": 1776310864.4176462,
  "tests/utils/fixture-loader.test.ts": 1776310864.4175124,
  "tests/utils/receipt.test.ts": 1778315174.4764357,
  "src/index.ts": 1775189990.845672,
  "src/types/index.ts": 1778284745.8791506,
  "src/core/pipeline/theme-pipeline.ts": 1778284745.878013,
  "src/core/pipeline/theme-service.ts": 1778315577.8426836,
  "src/core/validator/index.ts": 1776310864.4125416,
  "src/core/validator/config.ts": 1776398732.6007748,
  "src/core/transformer/number-format.ts": 1776310864.4121053,
  "src/core/transformer/theme-transformer.ts": 1778284745.878781,
  "src/core/transformer/cubic-bezier.ts": 1776310864.4118736,
  "src/core/transformer/index.ts": 1778284745.8785505,
  "src/core/transformer/color-space.ts": 1776310864.4117534,
  "src/core/doctor/theme-context.ts": 1777455305.4278188,
  "src/core/doctor/contrast-evaluator.ts": 1776310864.407081,
  "src/core/doctor/pair-extractor.ts": 1776310864.4072165,
  "src/core/doctor/theme-select.ts": 1776310864.4077625,
  "src/core/doctor/registry.ts": 1776310864.4073613,
  "src/core/doctor/runner.ts": 1776310864.4074864,
  "src/core/parser/dimension.ts": 1776310864.4094427,
  "src/core/parser/themefile.ts": 1777455305.4282825,
  "src/core/parser/palette.ts": 1776310864.409686,
  "src/core/parser/theme-yaml.ts": 1776310864.4098122,
  "src/core/parser/index.ts": 1776310864.409557,
  "src/core/generator/index.ts": 1778284745.8775928,
  "src/core/generator/formats/sketch.ts": 1778284745.8773713,
  "src/core/generator/formats/utils.ts": 1778284745.87747,
  "src/core/generator/formats/css.ts": 1778284745.877136,
  "src/core/generator/formats/flat.ts": 1778284745.8772593,
  "src/core/schema/dimension.ts": 1776310864.4110901,
  "src/core/schema/palette.ts": 1776310864.4113352,
  "src/core/schema/resource.ts": 1776310864.4114559,
  "src/core/schema/index.ts": 1776310864.4112194,
  "src/core/schema/theme.ts": 1778228007.5083065,
  "src/core/detector/index.ts": 1775189999.3999946,
  "src/core/detector/variants.ts": 1776310864.4069428,
  "src/core/detector/night.ts": 1776310864.4068067,
  "src/core/resolver/builtin.ts": 1776310864.410387,
  "src/core/resolver/resource-loader.ts": 1776310864.410645,
  "src/core/resolver/theme-reference.ts": 1776310864.4108317,
  "src/core/resolver/index.ts": 1776310864.4105144,
  "src/core/resolver/user.ts": 1776310864.4109652,
  "src/config/index.ts": 1776398732.498393,
  "src/utils/spinner.ts": 1778314033.4670658,
  "src/utils/receipt.ts": 1778315161.9117508,
  "src/utils/file.ts": 1776310864.4128146,
  "src/utils/logger.ts": 1776310864.412929,
  "src/cli/theme-multiselect.ts": 1776395090.8542027,
  "src/cli/index.ts": 1776326737.4968498,
  "src/cli/commands/doctor.ts": 1776326784.640108,
  "src/cli/commands/init.ts": 1776398732.6438553,
  "src/cli/commands/create.ts": 1778315594.1055439,
  "src/cli/commands/show.ts": 1776325828.2013576,
  "README.md": 1776326923.14889,
  "AGENTS.md": 1775614903.2524285,
  "CLAUDE.md": 1775614903.2524285,
  "tests/README.md": 1776327106.5402274,
  "docs/ROADMAP_PRODUCT.md": 1776419533.5527651,
  "docs/CHANGELOG.md": 1776310864.4052482,
  "docs/GUIDE.md": 1776398804.5902534,
  "docs/SPEC.md": 1777455305.4270482,
  "docs/reference/sketch-style.md": 1775825757.095396,
  "graphify-out/GRAPH_REPORT.md": 1778315837.4495144,
  "templates/basic/manual.md": 1776327061.6581993
}