{
  "tests/cli-show.test.ts": 1775205133.3130882,
  "tests/css-var-transform.test.ts": 1775815721.9822004,
  "tests/smooth-gradient-transformer.test.ts": 1775531739.0178502,
  "tests/doctor-pairs-schema.test.ts": 1775921093.553132,
  "tests/extends-resolver.test.ts": 1775841200.319581,
  "tests/cli-list.test.ts": 1775205117.681704,
  "tests/smooth-gradient-output.test.ts": 1776070741.6021354,
  "tests/inherit-color-transformer.test.ts": 1775832974.4424484,
  "tests/resource-validation.test.ts": 1775199322.1082551,
  "tests/inherit-color-sketch-format.test.ts": 1775815721.9830186,
  "tests/theme-command-current-fallback.test.ts": 1775189999.4134555,
  "tests/doctor-runner.test.ts": 1775921215.474189,
  "tests/theme-command-current-behavior.test.ts": 1775189999.4130812,
  "tests/inherit-color-css-format.test.ts": 1775815721.9826827,
  "tests/smooth-shadow-contract.test.ts": 1775531739.0181384,
  "tests/inherit-color-flat-format.test.ts": 1775815721.9827797,
  "tests/theme-transformer.test.ts": 1775189999.4136639,
  "tests/themefile-resource-parser.test.ts": 1775189999.4137683,
  "tests/color-space.test.ts": 1775189999.4095,
  "tests/sketch-component-format.test.ts": 1776066985.119914,
  "tests/inherit-color-schema.test.ts": 1775833032.7155273,
  "tests/pair-extractor.test.ts": 1775921108.2392457,
  "tests/resource-resolver.test.ts": 1776066985.1197398,
  "tests/doctor-theme-context.test.ts": 1775921490.1089115,
  "tests/cli-doctor.test.ts": 1775921202.6147652,
  "tests/smooth-shadow-transformer.test.ts": 1775554652.3398156,
  "tests/doctor-contrast-score.test.ts": 1775885334.6238887,
  "tests/resource-merge.test.ts": 1775199213.0128953,
  "tests/benchmark/nested-reference-resolution-simple.ts": 1775189999.40885,
  "tests/benchmark/nested-reference-resolution.ts": 1775189999.4091344,
  "tests/integration/theme-service.test.ts": 1775825792.3396657,
  "tests/utils/fixture-loader.ts": 1775614527.2451475,
  "tests/utils/fixture-loader.test.ts": 1775614633.1075616,
  "src/index.ts": 1775189990.845672,
  "src/types/index.ts": 1776066985.1191728,
  "src/core/pipeline/theme-pipeline.ts": 1775885334.6228676,
  "src/core/pipeline/theme-service.ts": 1775199206.718283,
  "src/core/validator/index.ts": 1775189999.4070292,
  "src/core/validator/config.ts": 1775189999.4067585,
  "src/core/transformer/number-format.ts": 1775197802.3553712,
  "src/core/transformer/theme-transformer.ts": 1776067113.0835423,
  "src/core/transformer/cubic-bezier.ts": 1775196375.2802126,
  "src/core/transformer/index.ts": 1775189999.4063275,
  "src/core/transformer/color-space.ts": 1775531739.0175893,
  "src/core/doctor/theme-context.ts": 1775921751.5806656,
  "src/core/doctor/contrast-evaluator.ts": 1775885334.6219354,
  "src/core/doctor/pair-extractor.ts": 1775920982.2531881,
  "src/core/doctor/theme-select.ts": 1775921016.2928445,
  "src/core/doctor/registry.ts": 1775921032.256787,
  "src/core/doctor/runner.ts": 1775885334.6224225,
  "src/core/parser/dimension.ts": 1775198987.3326817,
  "src/core/parser/themefile.ts": 1775189999.4039674,
  "src/core/parser/palette.ts": 1775198978.6075916,
  "src/core/parser/theme-yaml.ts": 1775189999.403757,
  "src/core/parser/index.ts": 1775189999.4033737,
  "src/core/generator/index.ts": 1775189999.401016,
  "src/core/generator/style-dict.ts": 1776070741.601408,
  "src/core/generator/transforms/sketch-colors.ts": 1775567361.5355773,
  "src/core/generator/transforms/jsonc.ts": 1775189999.4025025,
  "src/core/generator/transforms/sketch-format.ts": 1776067095.736581,
  "src/core/generator/transforms/flat.ts": 1776062709.7470748,
  "src/core/generator/transforms/kebab.ts": 1775189999.4026923,
  "src/core/generator/transforms/index.ts": 1775815721.9804175,
  "src/core/generator/transforms/css-var.ts": 1775569074.1587994,
  "src/core/generator/transforms/inherit-color-attr.ts": 1776062700.190974,
  "src/core/generator/transforms/css-variables-with-desc.ts": 1776070800.62151,
  "src/core/schema/dimension.ts": 1775198970.3499906,
  "src/core/schema/palette.ts": 1775198968.0332787,
  "src/core/schema/resource.ts": 1775189999.4059513,
  "src/core/schema/index.ts": 1775533033.6043243,
  "src/core/schema/theme.ts": 1776062624.0417407,
  "src/core/detector/index.ts": 1775189999.3999946,
  "src/core/detector/variants.ts": 1775189999.400799,
  "src/core/detector/night.ts": 1775189999.400231,
  "src/core/resolver/builtin.ts": 1775189990.8574767,
  "src/core/resolver/resource-loader.ts": 1775189999.4050589,
  "src/core/resolver/theme-reference.ts": 1776066985.118621,
  "src/core/resolver/index.ts": 1775825754.5400727,
  "src/core/resolver/user.ts": 1775189990.8579018,
  "src/config/index.ts": 1775922171.119193,
  "src/utils/file.ts": 1775189990.8304,
  "src/utils/logger.ts": 1775189990.830588,
  "src/cli/index.ts": 1775205075.3413658,
  "src/cli/commands/doctor.ts": 1775921920.4088054,
  "src/cli/commands/help.ts": 1775205089.0494852,
  "src/cli/commands/theme.ts": 1775189999.3993492,
  "src/cli/commands/list.ts": 1775205039.6928818,
  "src/cli/commands/show.ts": 1775208981.3452027,
  "README.md": 1775922175.2416365,
  "AGENTS.md": 1775614903.2524285,
  "CLAUDE.md": 1775614903.2524285,
  "tests/README.md": 1776070765.8333304,
  "docs/CHANGELOG.md": 1776070765.8323307,
  "docs/GUIDE.md": 1775613619.695487,
  "docs/SPEC.md": 1776070765.832595,
  "docs/reference/sketch-style.md": 1775825757.095396,
  "templates/basic/manual.md": 1775825754.5411813
}