{
  "tests/cli-show.test.ts": 1776325307.6363077,
  "tests/css-var-transform.test.ts": 1776310864.414345,
  "tests/smooth-gradient-transformer.test.ts": 1776310864.4166455,
  "tests/doctor-pairs-schema.test.ts": 1776310864.41459,
  "tests/extends-resolver.test.ts": 1776310864.4149854,
  "tests/smooth-gradient-output.test.ts": 1776395640.0060997,
  "tests/inherit-color-transformer.test.ts": 1776310864.4156158,
  "tests/resource-validation.test.ts": 1776310864.4162583,
  "tests/inherit-color-sketch-format.test.ts": 1776310864.4154873,
  "tests/theme-command-current-fallback.test.ts": 1776395639.9664657,
  "tests/doctor-runner.test.ts": 1776310864.4147174,
  "tests/theme-command-current-behavior.test.ts": 1776395639.926834,
  "tests/inherit-color-css-format.test.ts": 1776310864.415107,
  "tests/smooth-shadow-contract.test.ts": 1776310864.4167566,
  "tests/inherit-color-flat-format.test.ts": 1776310864.4152288,
  "tests/theme-transformer.test.ts": 1776310864.4172559,
  "tests/themefile-resource-parser.test.ts": 1776310864.4173808,
  "tests/color-space.test.ts": 1776310864.4140902,
  "tests/sketch-component-format.test.ts": 1776310864.4164002,
  "tests/inherit-color-schema.test.ts": 1776310864.4153607,
  "tests/pair-extractor.test.ts": 1776310864.4158738,
  "tests/resource-resolver.test.ts": 1776310864.4161353,
  "tests/doctor-theme-context.test.ts": 1776310864.414859,
  "tests/cli-doctor.test.ts": 1776322618.7494538,
  "tests/smooth-shadow-transformer.test.ts": 1776310864.4168863,
  "tests/doctor-contrast-score.test.ts": 1776310864.4144726,
  "tests/resource-merge.test.ts": 1776310864.4159982,
  "tests/benchmark/nested-reference-resolution-simple.ts": 1776310864.4134195,
  "tests/benchmark/nested-reference-resolution.ts": 1776310864.413569,
  "tests/integration/theme-service.test.ts": 1776398797.2550254,
  "tests/utils/fixture-loader.ts": 1776310864.4176462,
  "tests/utils/fixture-loader.test.ts": 1776310864.4175124,
  "src/index.ts": 1775189990.845672,
  "src/types/index.ts": 1776310864.412689,
  "src/core/pipeline/theme-pipeline.ts": 1776398732.5558298,
  "src/core/pipeline/theme-service.ts": 1776393813.5714085,
  "src/core/validator/index.ts": 1776310864.4125416,
  "src/core/validator/config.ts": 1776398732.6007748,
  "src/core/transformer/number-format.ts": 1776310864.4121053,
  "src/core/transformer/theme-transformer.ts": 1776310864.4122474,
  "src/core/transformer/cubic-bezier.ts": 1776310864.4118736,
  "src/core/transformer/index.ts": 1776310864.411985,
  "src/core/transformer/color-space.ts": 1776310864.4117534,
  "src/core/doctor/theme-context.ts": 1776326559.6868358,
  "src/core/doctor/contrast-evaluator.ts": 1776310864.407081,
  "src/core/doctor/pair-extractor.ts": 1776310864.4072165,
  "src/core/doctor/theme-select.ts": 1776310864.4077625,
  "src/core/doctor/registry.ts": 1776310864.4073613,
  "src/core/doctor/runner.ts": 1776310864.4074864,
  "src/core/parser/dimension.ts": 1776310864.4094427,
  "src/core/parser/themefile.ts": 1776310864.4099422,
  "src/core/parser/palette.ts": 1776310864.409686,
  "src/core/parser/theme-yaml.ts": 1776310864.4098122,
  "src/core/parser/index.ts": 1776310864.409557,
  "src/core/generator/index.ts": 1776310864.4078982,
  "src/core/generator/style-dict.ts": 1776310864.408032,
  "src/core/generator/transforms/sketch-colors.ts": 1776310864.409131,
  "src/core/generator/transforms/jsonc.ts": 1776310864.4088564,
  "src/core/generator/transforms/sketch-format.ts": 1776310864.409315,
  "src/core/generator/transforms/flat.ts": 1776310864.4084601,
  "src/core/generator/transforms/kebab.ts": 1776310864.4089766,
  "src/core/generator/transforms/index.ts": 1776310864.4085872,
  "src/core/generator/transforms/css-var.ts": 1776310864.4081626,
  "src/core/generator/transforms/inherit-color-attr.ts": 1776310864.408714,
  "src/core/generator/transforms/css-variables-with-desc.ts": 1776310864.408306,
  "src/core/schema/dimension.ts": 1776310864.4110901,
  "src/core/schema/palette.ts": 1776310864.4113352,
  "src/core/schema/resource.ts": 1776310864.4114559,
  "src/core/schema/index.ts": 1776310864.4112194,
  "src/core/schema/theme.ts": 1776310864.411609,
  "src/core/detector/index.ts": 1775189999.3999946,
  "src/core/detector/variants.ts": 1776310864.4069428,
  "src/core/detector/night.ts": 1776310864.4068067,
  "src/core/resolver/builtin.ts": 1776310864.410387,
  "src/core/resolver/resource-loader.ts": 1776310864.410645,
  "src/core/resolver/theme-reference.ts": 1776310864.4108317,
  "src/core/resolver/index.ts": 1776310864.4105144,
  "src/core/resolver/user.ts": 1776310864.4109652,
  "src/config/index.ts": 1776398732.498393,
  "src/utils/file.ts": 1776310864.4128146,
  "src/utils/logger.ts": 1776310864.412929,
  "src/cli/theme-multiselect.ts": 1776395090.8542027,
  "src/cli/index.ts": 1776326737.4968498,
  "src/cli/commands/doctor.ts": 1776326784.640108,
  "src/cli/commands/init.ts": 1776398732.6438553,
  "src/cli/commands/create.ts": 1776393730.7698882,
  "src/cli/commands/show.ts": 1776325828.2013576,
  "README.md": 1776326923.14889,
  "AGENTS.md": 1775614903.2524285,
  "CLAUDE.md": 1775614903.2524285,
  "tests/README.md": 1776327106.5402274,
  "docs/ROADMAP_PRODUCT.md": 1776413622.7413468,
  "docs/CHANGELOG.md": 1776310864.4052482,
  "docs/GUIDE.md": 1776398804.5902534,
  "docs/SPEC.md": 1776327119.209274,
  "docs/reference/sketch-style.md": 1775825757.095396,
  "graphify-out/GRAPH_REPORT.md": 1776414046.103499,
  "templates/basic/manual.md": 1776327061.6581993
}